TASKID,CONFIG_ID,DOMAINS,BACKEND,SPLIT,CHUNK,ITERATION,METHOD,VALUE
redis-c01-monolith-mpk,c01-monolith-mpk,1,mpk,monolith,5,1,SET,1041666.69
redis-c01-monolith-mpk,c01-monolith-mpk,1,mpk,monolith,5,1,GET,943396.25
redis-c01-monolith-mpk,c01-monolith-mpk,1,mpk,monolith,5,2,SET,934579.44
redis-c01-monolith-mpk,c01-monolith-mpk,1,mpk,monolith,5,2,GET,724637.69
redis-c01-monolith-mpk,c01-monolith-mpk,1,mpk,monolith,5,3,SET,1041666.69
redis-c01-monolith-mpk,c01-monolith-mpk,1,mpk,monolith,5,3,GET,833333.38
redis-c01-monolith-mpk,c01-monolith-mpk,1,mpk,monolith,5,4,SET,1000000.00
redis-c01-monolith-mpk,c01-monolith-mpk,1,mpk,monolith,5,4,GET,877193.00
redis-c01-monolith-mpk,c01-monolith-mpk,1,mpk,monolith,5,5,SET,1030927.81
redis-c01-monolith-mpk,c01-monolith-mpk,1,mpk,monolith,5,5,GET,877193.00
redis-c01-monolith-mpk,c01-monolith-mpk,1,mpk,monolith,50,1,SET,751879.69
redis-c01-monolith-mpk,c01-monolith-mpk,1,mpk,monolith,50,1,GET,675675.69
redis-c01-monolith-mpk,c01-monolith-mpk,1,mpk,monolith,50,2,SET,806451.62
redis-c01-monolith-mpk,c01-monolith-mpk,1,mpk,monolith,50,2,GET,609756.06
redis-c01-monolith-mpk,c01-monolith-mpk,1,mpk,monolith,50,3,SET,763358.81
redis-c01-monolith-mpk,c01-monolith-mpk,1,mpk,monolith,50,3,GET,1052631.62
redis-c01-monolith-mpk,c01-monolith-mpk,1,mpk,monolith,50,4,SET,800000.00
redis-c01-monolith-mpk,c01-monolith-mpk,1,mpk,monolith,50,4,GET,735294.06
redis-c01-monolith-mpk,c01-monolith-mpk,1,mpk,monolith,50,5,SET,709219.88
redis-c01-monolith-mpk,c01-monolith-mpk,1,mpk,monolith,50,5,GET,709219.88
redis-c01-monolith-mpk,c01-monolith-mpk,1,mpk,monolith,500,1,SET,336700.34
redis-c01-monolith-mpk,c01-monolith-mpk,1,mpk,monolith,500,1,GET,176056.33
redis-c01-monolith-mpk,c01-monolith-mpk,1,mpk,monolith,500,2,SET,341296.91
redis-c01-monolith-mpk,c01-monolith-mpk,1,mpk,monolith,500,2,GET,173913.05
redis-c01-monolith-mpk,c01-monolith-mpk,1,mpk,monolith,500,3,SET,280112.06
redis-c01-monolith-mpk,c01-monolith-mpk,1,mpk,monolith,500,3,GET,124843.95
redis-c01-monolith-mpk,c01-monolith-mpk,1,mpk,monolith,500,4,SET,340136.06
redis-c01-monolith-mpk,c01-monolith-mpk,1,mpk,monolith,500,4,GET,144927.53
redis-c01-monolith-mpk,c01-monolith-mpk,1,mpk,monolith,500,5,SET,334448.16
redis-c01-monolith-mpk,c01-monolith-mpk,1,mpk,monolith,500,5,GET,158982.52
redis-c03-isolate-newlib-mpk,c03-isolate-newlib-mpk,2,mpk,newlib,5,1,SET,1010101.00
redis-c03-isolate-newlib-mpk,c03-isolate-newlib-mpk,2,mpk,newlib,5,1,GET,833333.38
redis-c03-isolate-newlib-mpk,c03-isolate-newlib-mpk,2,mpk,newlib,5,2,SET,990099.00
redis-c03-isolate-newlib-mpk,c03-isolate-newlib-mpk,2,mpk,newlib,5,2,GET,909090.94
redis-c03-isolate-newlib-mpk,c03-isolate-newlib-mpk,2,mpk,newlib,5,3,SET,826446.31
redis-c03-isolate-newlib-mpk,c03-isolate-newlib-mpk,2,mpk,newlib,5,3,GET,854700.88
redis-c03-isolate-newlib-mpk,c03-isolate-newlib-mpk,2,mpk,newlib,5,4,SET,943396.25
redis-c03-isolate-newlib-mpk,c03-isolate-newlib-mpk,2,mpk,newlib,5,4,GET,854700.88
redis-c03-isolate-newlib-mpk,c03-isolate-newlib-mpk,2,mpk,newlib,5,5,SET,735294.06
redis-c03-isolate-newlib-mpk,c03-isolate-newlib-mpk,2,mpk,newlib,5,5,GET,621118.00
redis-c03-isolate-newlib-mpk,c03-isolate-newlib-mpk,2,mpk,newlib,50,1,SET,543478.25
redis-c03-isolate-newlib-mpk,c03-isolate-newlib-mpk,2,mpk,newlib,50,1,GET,641025.62
redis-c03-isolate-newlib-mpk,c03-isolate-newlib-mpk,2,mpk,newlib,50,2,SET,578034.69
redis-c03-isolate-newlib-mpk,c03-isolate-newlib-mpk,2,mpk,newlib,50,2,GET,414937.75
redis-c03-isolate-newlib-mpk,c03-isolate-newlib-mpk,2,mpk,newlib,50,3,SET,609756.06
redis-c03-isolate-newlib-mpk,c03-isolate-newlib-mpk,2,mpk,newlib,50,3,GET,429184.56
redis-c03-isolate-newlib-mpk,c03-isolate-newlib-mpk,2,mpk,newlib,50,4,SET,598802.44
redis-c03-isolate-newlib-mpk,c03-isolate-newlib-mpk,2,mpk,newlib,50,4,GET,591716.00
redis-c03-isolate-newlib-mpk,c03-isolate-newlib-mpk,2,mpk,newlib,50,5,SET,561797.75
redis-c03-isolate-newlib-mpk,c03-isolate-newlib-mpk,2,mpk,newlib,50,5,GET,450450.44
redis-c03-isolate-newlib-mpk,c03-isolate-newlib-mpk,2,mpk,newlib,500,1,SET,303951.38
redis-c03-isolate-newlib-mpk,c03-isolate-newlib-mpk,2,mpk,newlib,500,1,GET,119331.74
redis-c03-isolate-newlib-mpk,c03-isolate-newlib-mpk,2,mpk,newlib,500,2,SET,201612.91
redis-c03-isolate-newlib-mpk,c03-isolate-newlib-mpk,2,mpk,newlib,500,2,GET,137741.05
redis-c03-isolate-newlib-mpk,c03-isolate-newlib-mpk,2,mpk,newlib,500,3,SET,211864.41
redis-c03-isolate-newlib-mpk,c03-isolate-newlib-mpk,2,mpk,newlib,500,3,GET,152671.77
redis-c03-isolate-newlib-mpk,c03-isolate-newlib-mpk,2,mpk,newlib,500,4,SET,206185.56
redis-c03-isolate-newlib-mpk,c03-isolate-newlib-mpk,2,mpk,newlib,500,4,GET,167504.19
redis-c03-isolate-newlib-mpk,c03-isolate-newlib-mpk,2,mpk,newlib,500,5,SET,206185.56
redis-c03-isolate-newlib-mpk,c03-isolate-newlib-mpk,2,mpk,newlib,500,5,GET,164203.61
redis-c06-monolith-software,c06-monolith-software,1,software,monolith,5,1,SET,980392.19
redis-c06-monolith-software,c06-monolith-software,1,software,monolith,5,1,GET,724637.69
redis-c06-monolith-software,c06-monolith-software,1,software,monolith,5,2,SET,1020408.19
redis-c06-monolith-software,c06-monolith-software,1,software,monolith,5,2,GET,704225.31
redis-c06-monolith-software,c06-monolith-software,1,software,monolith,5,3,SET,1010101.00
redis-c06-monolith-software,c06-monolith-software,1,software,monolith,5,3,GET,769230.81
redis-c06-monolith-software,c06-monolith-software,1,software,monolith,5,4,SET,1030927.81
redis-c06-monolith-software,c06-monolith-software,1,software,monolith,5,4,GET,689655.19
redis-c06-monolith-software,c06-monolith-software,1,software,monolith,5,5,SET,1052631.62
redis-c06-monolith-software,c06-monolith-software,1,software,monolith,5,5,GET,884955.75
redis-c06-monolith-software,c06-monolith-software,1,software,monolith,50,1,SET,735294.06
redis-c06-monolith-software,c06-monolith-software,1,software,monolith,50,1,GET,763358.81
redis-c06-monolith-software,c06-monolith-software,1,software,monolith,50,2,SET,793650.75
redis-c06-monolith-software,c06-monolith-software,1,software,monolith,50,2,GET,510204.09
redis-c06-monolith-software,c06-monolith-software,1,software,monolith,50,3,SET,534759.31
redis-c06-monolith-software,c06-monolith-software,1,software,monolith,50,3,GET,800000.00
redis-c06-monolith-software,c06-monolith-software,1,software,monolith,50,4,SET,793650.75
redis-c06-monolith-software,c06-monolith-software,1,software,monolith,50,4,GET,636942.62
redis-c06-monolith-software,c06-monolith-software,1,software,monolith,50,5,SET,793650.75
redis-c06-monolith-software,c06-monolith-software,1,software,monolith,50,5,GET,671140.94
redis-c06-monolith-software,c06-monolith-software,1,software,monolith,500,1,SET,327868.84
redis-c06-monolith-software,c06-monolith-software,1,software,monolith,500,1,GET,160000.00
redis-c06-monolith-software,c06-monolith-software,1,software,monolith,500,2,SET,354609.94
redis-c06-monolith-software,c06-monolith-software,1,software,monolith,500,2,GET,190839.70
redis-c06-monolith-software,c06-monolith-software,1,software,monolith,500,3,SET,293255.12
redis-c06-monolith-software,c06-monolith-software,1,software,monolith,500,3,GET,194931.77
redis-c06-monolith-software,c06-monolith-software,1,software,monolith,500,4,SET,323624.62
redis-c06-monolith-software,c06-monolith-software,1,software,monolith,500,4,GET,185528.77
redis-c06-monolith-software,c06-monolith-software,1,software,monolith,500,5,SET,344827.59
redis-c06-monolith-software,c06-monolith-software,1,software,monolith,500,5,GET,178890.88
