TASKID,CONFIG_ID,DOMAINS,BACKEND,SPLIT,HARDENING,CHUNK,ITERATION,METHOD,VALUE
redis-r01-1d-mpk-none,r01-1d-mpk-none,1,mpk,monolith,none,5,1,SET,1020408.19
redis-r01-1d-mpk-none,r01-1d-mpk-none,1,mpk,monolith,none,5,1,GET,787401.56
redis-r01-1d-mpk-none,r01-1d-mpk-none,1,mpk,monolith,none,5,2,SET,1063829.88
redis-r01-1d-mpk-none,r01-1d-mpk-none,1,mpk,monolith,none,5,2,GET,763358.81
redis-r01-1d-mpk-none,r01-1d-mpk-none,1,mpk,monolith,none,5,3,SET,884955.75
redis-r01-1d-mpk-none,r01-1d-mpk-none,1,mpk,monolith,none,5,3,GET,813008.12
redis-r01-1d-mpk-none,r01-1d-mpk-none,1,mpk,monolith,none,50,1,SET,719424.44
redis-r01-1d-mpk-none,r01-1d-mpk-none,1,mpk,monolith,none,50,1,GET,740740.69
redis-r01-1d-mpk-none,r01-1d-mpk-none,1,mpk,monolith,none,50,2,SET,632911.38
redis-r01-1d-mpk-none,r01-1d-mpk-none,1,mpk,monolith,none,50,2,GET,671140.94
redis-r01-1d-mpk-none,r01-1d-mpk-none,1,mpk,monolith,none,50,3,SET,751879.69
redis-r01-1d-mpk-none,r01-1d-mpk-none,1,mpk,monolith,none,50,3,GET,735294.06
redis-r01-1d-mpk-none,r01-1d-mpk-none,1,mpk,monolith,none,500,1,SET,357142.84
redis-r01-1d-mpk-none,r01-1d-mpk-none,1,mpk,monolith,none,500,1,GET,170357.75
redis-r01-1d-mpk-none,r01-1d-mpk-none,1,mpk,monolith,none,500,2,SET,306748.47
redis-r01-1d-mpk-none,r01-1d-mpk-none,1,mpk,monolith,none,500,2,GET,85178.88
redis-r01-1d-mpk-none,r01-1d-mpk-none,1,mpk,monolith,none,500,3,SET,33444.82
redis-r01-1d-mpk-none,r01-1d-mpk-none,1,mpk,monolith,none,500,3,GET,37439.16
