series,L,K,min_cycles,avg_cycles,dfs_visits
A_K10,1,10,294,317,2
A_K10,2,10,318,345,3
A_K10,3,10,367,376,4
A_K10,4,10,392,408,5
A_K10,5,10,416,440,6
A_K50,1,50,318,332,2
A_K50,2,50,318,342,3
A_K50,3,50,367,376,4
A_K50,4,50,392,404,5
A_K50,5,50,416,442,6
B_L1,1,2,294,315,2
B_L1,1,4,294,316,2
B_L1,1,8,294,314,2
B_L1,1,16,294,344,2
B_L1,1,32,294,314,2
B_L1,1,64,294,316,2
B_L1,1,100,294,314,2
B_L1,1,200,294,316,2
B_L1,1,500,294,313,2
B_L1,1,1000,294,316,2
B_L1,1,2000,294,314,2
B_L3,3,2,367,377,4
B_L3,3,4,367,376,4
B_L3,3,8,367,375,4
B_L3,3,16,367,374,4
B_L3,3,32,367,375,4
B_L3,3,64,367,374,4
B_L3,3,100,367,373,4
B_L3,3,200,367,374,4
B_L3,3,500,367,377,4
B_L3,3,1000,367,381,4
