series,N,min_cycles,avg_cycles,dfs_visits,keys,status
all_fixed,2,294,311,0,2,ok
all_fixed,3,294,309,0,3,ok
all_fixed,4,294,308,0,4,ok
all_fixed,5,294,309,0,5,ok
all_fixed,6,294,309,0,6,ok
all_fixed,7,294,309,0,7,ok
all_fixed,8,294,312,0,8,ok
all_fixed,9,294,311,0,9,ok
all_fixed,10,294,314,0,10,ok
all_fixed,11,294,309,0,11,ok
all_fixed,12,294,309,0,12,ok
all_fixed,13,294,345,0,13,ok
all_fixed,14,294,310,0,14,ok
all_fixed,15,0,0,0,0,key_exhaust
all_rr,2,294,311,0,2,ok
all_rr,3,294,309,0,3,ok
all_rr,4,294,315,0,4,ok
all_rr,5,294,315,0,5,ok
all_rr,6,294,312,0,6,ok
all_rr,7,294,313,0,7,ok
all_rr,8,294,313,0,8,ok
all_rr,9,294,341,0,9,ok
all_rr,10,294,313,0,10,ok
all_rr,11,294,314,0,11,ok
all_rr,12,294,318,0,12,ok
all_rr,13,294,318,0,13,ok
all_rr,15,0,0,0,0,key_exhaust
path_fixed,2,294,309,0,2,ok
path_fixed,4,294,309,0,2,ok
path_fixed,6,294,310,0,2,ok
path_fixed,8,294,309,0,2,ok
path_fixed,10,294,309,0,2,ok
path_fixed,12,294,308,0,2,ok
path_fixed,14,294,309,0,2,ok
path_fixed,16,294,307,0,2,ok
path_fixed,24,294,308,0,2,ok
path_fixed,32,294,311,0,2,ok
