series,N,capacity,min_cycles,avg_cycles,map_avg_cycles
direct,8,0,0,1,0
e2e_mid,8,16,318,319,53
e2e_last,8,16,318,319,53
direct,16,0,0,0,0
e2e_mid,16,32,318,327,54
e2e_last,16,32,318,321,54
direct,32,0,0,0,0
e2e_mid,32,64,318,320,52
e2e_last,32,64,318,321,53
direct,64,0,0,0,0
e2e_mid,64,128,318,322,56
e2e_last,64,128,318,320,53
direct,128,0,0,0,0
e2e_mid,128,256,294,320,54
e2e_last,128,256,318,320,54
direct,256,0,0,0,0
e2e_mid,256,512,318,320,53
e2e_last,256,512,294,356,53
direct,512,0,0,0,0
e2e_mid,512,1024,294,320,55
e2e_last,512,1024,294,317,60
